Included in VUE,Tag model,Serial No. ,ID Code,Detecciones,VUE Tag ID,Tag life (days),Species,Length,Zone,Capture Lat,Latitude,Longitude,Capture Long,Location name,Capture date,Recapture date,Hour ini,Hour end,Release Lat,Release Long,Fishing type,External tag colour,External tag ID,Observation,PROBLEMS
Si,V13,1355966,54170,,A69-1602-54170,631,Dicentrarchus labrax,35,Badia de roses,4213428,42.13428,3.12749,312749,,20200826,,11:00,17:15,"4,213,428","312,749",Palangre,Vermell,11,"La pesca enMarc Castells, ens la guarda i anem a la tarda a marcarla",
Si,V13,1355967,54171,,A69-1602-54171,631,Sparus aurata,25,Badia de roses,"4,213,428",,,"312,749",,20200826,,12:15,12:30,"4,213,428","312,749",Palangre,,,Bon estat,
Si,V13,1355968,54172,,A69-1602-54172,631,Sparus aurata,42,Badia de roses,"4,216,244",,,"311,939",,20200824,,20:51,21:38,"4,291,233","317,767",Nansa,,,Una mica tocada perl temps de captura dins la nansa,
Si,V13P,1356097,16214,55000,A69-9007-16214,446,Dicentrarchus labrax,47,Medes,4204178,42.04178,3.22366,322366,Meda petita,20200916,,21:25,21:45,"4,204,178","322,366",palangre amb mascarat,Vermell,64,,
Si,V13,1355970,54174,,A69-1602-54174,631,Sparus aurata,28,Badia de roses,"4,213,428",,,"312,749",,20200826,,12:10,12:33,"4,213,428","312,749",Palangre,Vermell,7,Bon estat,
Si,V13P,1356098,16215,115000,A69-9007-16215,446,Dicentrarchus labrax,47,Medes,4204178,42.04178,3.22366,322366,Meda petita,20200916,,20:30,21:20,"4,204,178","322,366",palangre amb mascarat,Vermell,65,,
,V9,1355972,40691,,A69-1602-40691,503,,,,,,,,,,,,,,,,,,,
Si,V9P,1356027,16255,,A69-9007-16255,323,Dicentrarchus labrax,45,Medes,4204410,42.04410,3.22000,322000,Meda Gran,20200917,,20:40,22:02,"4,204,410","322,000",Palangre Miquel,vermell,60,,
Si,V9,1355974,40693,,A69-1602-40693,503,Scorpaena scrofa,51,Medes,"4,204,906",,,"321,640",Boia perimetral Guix,20201224,,10:00,11:40,"4,204,906","321,640",Canya,Vermell,51,,
Si,V9,1355975,40694,,A69-1602-40694,503,Sparus aurata,32,Medes,"4,203,893",,,"320,138",Entre Griells i Pletera,20201231,,07:30,09:05,"4,203,893","320,138",Tresmall,Vermell,50,Pescat Per Joan Massagué. Marcada amb pinguer 84 kHz,
,V9,1355976,40695,,A69-1602-40695,503,Sphyraena viridensis,54,Cap de Creus,"4,232,378",,,"332,393",,20212107,,11:40,11:52,"4,232,378","332,393",Canya,Vermell,146,,
,V9,1355977,40696,,A69-1602-40696,503,,,,,,,,,,,,,,,,,,,
Si,V9P,1356043,16271,,A69-9007-16271,323,Dicentrarchus labrax,46,Medes,4204410,42.04410,3.22000,322000,Meda Gran,20200917,,20:50,21:54,"4,204,410","322,000",Palangre,Vermell,61,Palangre Miquel,
Si,V13P,1356108,16225,139000,A69-9007-16225,446,Dicentrarchus labrax,49,Medes,4204524,42.04524,3.21897,321897,Embarcador,20200928,,08:00,11:00,"4,204,524","321,897",Palangre,Vermell,62,Pescat per Joan Massaguer. Li hem de pagar!,
Si,V9,1355979,40698,,A69-1602-40698,503,Dicentrarchus labrax,38,Riu Ter,4203508,42.03508,3.12589,312589,,20201018,,20:44,,"4,213,833","367,000",Canya,Verd,261,Pescat per Iscle,
Si,V9,1355991,40710,,A69-1602-40710,503,Dicentrarchus labrax,45,Riu Ter,4202569,42.02569,3.15219,315219,,20201018,,21:28,,"4,255,833","328,167",Canya,Verd,262,Pescat per Iscle,
Si,V9,1355978,40697,,A69-1602-40697,503,Dicentrarchus labrax,38,Riu Ter,4203214,42.03214,3.13053,313053,,20201020,,20:05,,"4,294,500","394,833",Canya,Verd,263,Pescat per Iscle. Possiblement mascle,
Si,V9,1355981,40700,,A69-1602-40700,503,Dicentrarchus labrax,40,Riu Ter,4203214,42.03214,3.13053,313053,,20201020,,21:13,,"4,294,500","394,833",Canya,Verd,264,Pescat per Iscle. Molt gras (43 cm diàmetre). Femella,
Si,V9,1355983,40702,9000,A69-1602-40702,503,Dicentrarchus labrax,43,Badia de roses,4219956,42.19956,3.11529,311529,Desenbocadura Fluvià,20201030,,09:30,11:15,"4,219,956","311,529",,,,,
Si,V9,1355985,40704,,A69-1602-40704,503,Pagrus pagrus,25,Banyuls,"4,250,319",,,"312,620",Paulille,20210506,,23:30,23:45,"4,250,319","312,620",palangre,Vermell,23,Marc Castells,
Si,V9,1355986,40705,,A69-1602-40705,503,Scorpaena scrofa,27,Banyuls,"4,247,577",,,"315,608",Abeille sud,20210330,,23:30,23:45,"4,247,577","315,608",diving,nada,,,
Si,V9,1355987,40706,,A69-1602-40706,503,Diplodus cervinus,43,Medes,"4,205,018",,,"322,292",Salpatxot,20201017,,13:00,13:08,"4,205,018","322,292",palangre,Vermell,17,,
Si,V9,1355988,40707,,A69-1602-40707,503,Scorpaena scrofa,40,Medes,"4,205,018",,,"322,292",Salpatxot,20200929,,18:50,19:18,"4,205,018","322,292",En immersió i salabret,Vermell,57,,
Si,V9,1355984,40703,,A69-1602-40703,503,Dicentrarchus labrax,43,Badia de roses,4219956,42.19956,3.11529,311529,Desenbocadura Fluvià,20201030,,10:40,11:15,"4,219,956","311,529",palangre,Vermell,21,Marc Castells,
Si,V9,1355990,40709,,A69-1602-40709,503,Scorpaena scrofa,45,Medes,"4,205,018",,,"322,292",Salpatxot,20201008,,19:00,19:29,"4,205,018","322,292",En immersió i salabret,Vermell,13,,
Si,V9,1355989,40708,,A69-1602-40708,503,Dicentrarchus labrax,45,Badia de roses,4219956,42.19956,3.11529,311529,Desenbocadura Fluvià,20201030,,10:00,11:15,"4,219,956","311,529",palangre,Vermell,20,Marc Castells,
Si,V9,1355992,40711,,A69-1602-40711,503,Pagrus pagrus,28,Banyuls,"4,250,549",,,"312,412",Oullastrell,20210331,,11:30,12:10,"4,250,430","313,274",palangre,blue tattoo ,,,
Si,V9,1355993,40712,,A69-1602-40712,503,Scorpaena scrofa,30,Banyuls,"4,247,372",,,"315,749",Les tinyes,20210614,,01:00,01:10,"4,247,372","315,749",diving,nada,,,
,V9,1355994,40713,,A69-1602-40713,503,,,,,,,,,,,,,,,,,,,
,V9,1355995,40714,,A69-1602-40714,503,,,,,,,,,,,,,,,,,,,
,V9,1355996,40715,,A69-1602-40715,503,,,,,,,,,,,,,,,,,,,
,V9,1355997,40716,,A69-1602-40716,503,,,,,,,,,,,,,,,,,,,
,V9,1355998,40717,,A69-1602-40717,503,,,,,,,,,,,,,,,,,,,
Si,V9,1355999,40718,,A69-1602-40718,503,Scorpaena scrofa,41,Medes,"4,204,080",,,"322,754",Tascó Petit,20201028,,13:00,13:20,"4,204,080","322,754",En immersió i salabret,,20,,
Si,V9,1356000,40719,,A69-1602-40719,503,Sparus aurata,37,Badia de roses,"4,214,118",,,"312,532",San Marti d'Ampuries,20201103,,10:40,11:00,"4,214,118","312,532",palangre,vermell,26,Marc Castells,
Si,V9,1356001,40720,,A69-1602-40720,503,Pagrus pagrus,29,Banyuls,"4,250,319",,,"312,620",Paulille,20210506,,23:15,23:30,"4,250,319","312,620",palangre,blue tattoo ,,,
Si,V9,1356002,40721,,A69-1602-40721,503,Pagrus pagrus,33,Banyuls,"4,244,947",,,"316,776",Canadells,20210527,,22:40,22:55,"4,244,947","316,776",palangre,blue tattoo ,,,
Si,V9,1356003,40722,,A69-1602-40722,503,Sparus aurata,25,Banyuls,"4,246,101",,,"315,798",Plage Peyrefite,20210424,,16:30,16:45,"4,246,101","315,798",canya,blue tattoo ,,,
,V9,1356004,40723,,A69-1602-40723,503,,,,,,,,,,,,,,,,,,,
,V9,1356005,40724,,A69-1602-40724,503,Pagrus pagrus,24,Cap de Creus,"4,232,038",,,"332,679",Cap de Creus,20210916,,23:00,23:45,"4,232,075","332,284",palangre,,,,
Si,V9,1356006,40725,,A69-1602-40725,503,Scorpaena scrofa,42,Medes,"4,204,070",,,"322,651",Tascó Petit,20201028,,13:00,13:30,"4,204,070","322,651",En immersió i salabret,,21,,
Si,V9,1356007,40726,,A69-1602-40726,503,Sparus aurata,30,Badia de roses,"4,245,810",,,"323,520",,20200826,,10:40,11:35,"4,245,810","323,520",Palangre,Vermell,5,Li ha costat recuperar,
si,V9,1356008,40727,,A69-1602-40727,503,Sparus aurata,30,Badia de roses,"4,216,244",,,"311,939",,20200824,,20:51,21:38,"4,291,233","317,767",Nansa,,,Bon estat,
Si,V9,1356009,40728,,A69-1602-40728,503,Scorpaena scrofa,41,Medes,"4,204,975",,,"322,279",Salpatxot,20201008,,19:00,19:29,"4,204,975","322,279",Immersió ,vermell,12,Miquel,
Si,V9,1356010,40729,,A69-1602-40729,503,Sparus aurata,26,Badia de roses,"4,216,244",,,"311,939",,20200824,,20:51,21:38,"4,291,233","317,767",Nansa,,,Bon estat,
Si,V9,1356011,40730,,A69-1602-40730,503,Sphyraena viridensis,63,Medes,"4,204,158",,,"322,604",Carall,20200904,,20:24,20:31,"4,204,158","322,604",Canya,Vermell,70,Iscle i Miguel Angel,
si,V9,1356012,40731,,A69-1602-40731,503,Sparus aurata,40,Badia de roses,"4,216,244",,,"311,939",,20200824,,20:51,21:38,"4,291,233","317,767",Nansa,,,Bon estat,
,V9,1356013,40732,,A69-1602-40732,503,Sphyraena viridensis,55,Cap de Creus,"4,232,038",,,"332,679",Cap de Creus,20210916,,23:00,23:25,"4,232,075","332,284",palangre,,,,
,V9,1356014,40733,,A69-1602-40733,503,,,,,,,,,,,,,,,,,,,
,V9,1356015,40734,,A69-1602-40734,503,,,,,,,,,,,,,,,,,,,
Si,V9,1356016,40735,,A69-1602-40735,503,Palinurus elephas,8,Medes,"4,205,006",,,"322,410",Pedra de Deu,20210420,,13:00,13:10,"4,205,006","322,410",Immersió ,,,,
Si,V9,1356017,40736,,A69-1602-40736,503,Sphyraena viridensis,67,Medes,"4,204,337",,,"322,311",Portitxol,20200904,,20:48,21:00,"4,204,337","322,311",Canya,Vermell,69,Iscle i Miguel Angel,
Si,V9,1356018,40737,,A69-1602-40737,503,Sphyraena viridensis,75,Badia de roses,,,,,El Cranc,20200914,,22:30,,,,palangre,Vermell,68,miquel,
Si,V9,1356019,40738,,A69-1602-40738,503,Sparus aurata,25,Badia de roses,"4,213,428",,,"312,749",,20200826,,12:13,12:47,"4,213,428","312,749",Palangre,,,Bon estat,
,V9,1356020,40739,,A69-1602-40739,503,,,,,,,,,,,,,,,,,,,
,V9P,1356021,16249,,A69-9007-16249,323,,,,,,,,,,,,,,,,,,,
,V9P,1356022,16250,,A69-9007-16250,323,,,,,,,,,,,,,,,,,,,
,V9P,1356023,16251,,A69-9007-16251,323,,,,,,,,,,,,,,,,,,,
Si,V9P,1356024,16252,,A69-9007-16252,323,Spondyliosoma cantharus,33,Medes,"4,204,386",,,"322,334",Cementiri,20200903,,19:58,20:09,"4,204,386","322,334",Canya,Vermell,75,Iscle i Miguel Angel,
,V9P,1356025,16253,,A69-9007-16253,323,Spondyliosoma cantharus,24,Cap de Creus,"4,232,041",,,"332,876",Barra Massa d'Ors,20210530,,10:50,11:20,"4,232,041","332,876",canya,,,Voluntaris jornada Ass. Pesca responsable,
Si,V9P,1356026,16254,,A69-9007-16254,323,Spondyliosoma cantharus,34,Cap de Creus,"4,231,827",,,"333,217",S Massa d'Ors,20201115,,11:00,11:15,"4,231,827","333,217",canya,vermell,47,Iscle,
Si,V13,1352732,40163,12000,A69-1602-40163,585,Dicentrarchus labrax,49,Badia de roses,4219956,42.19956,3.11529,311529,Desenvocadura Fluvià,20201030,,09:30,11:15,"4,219,956","311,529",palangre,Vermell,22,Marc Castells,
,V9P,1356028,16256,,A69-9007-16256,323,Spondyliosoma cantharus,20,Cap de Creus,"4,232,041",,,"332,876",Barra Massa d'Ors,20210530,,11:20,11:52,"4,232,041","332,876",canya,,,Voluntaris jornada Ass. Pesca responsable,
,V9P,1356029,16257,,A69-9007-16257,323,Spondyliosoma cantharus,22,Cap de Creus,"4,231,891",,,"333,127",Massa d'Or,20210530,,09:30,09:57,"4,231,891","333,127",canya,,,Voluntaris jornada Ass. Pesca responsable,
si,V9P,1356030,16258,,A69-9007-16258,323,Sphyraena viridensis,63,Medes,"4,205,028",,,"322,447",Pedra de Deu,20200903,,21:05,21:21,"4,205,028","322,447",Canya,Vermell,74,Iscle i Miguel Angel,
,V9P,1356031,16259,,A69-9007-16259,323,Spondyliosoma cantharus,24,Cap de Creus,"4,231,891",,,"333,127",Massa d'Or,20210530,,09:00,09:30,"4,231,891","333,127",canya,Vermell,150,Voluntaris jornada Ass. Pesca responsable,
,V9P,1356032,16260,,A69-9007-16260,323,Spondyliosoma cantharus,22,Cap de Creus,"4,232,041",,,"332,876",Barra Massa d'Ors,20210530,,11:20,11:52,"4,232,041","332,876",canya,,,Voluntaris jornada Ass. Pesca responsable,
Si,V9P,1356033,16261,,A69-9007-16261,323,Sphyraena viridensis,83,Medes,"4,204,128",,,"322,646",Tascó,20200902,,19:57,20:15,"4,204,128","322,646",Canya,Vermell,80,Iscle i Miguel Angel,
,V9P,1356034,16262,,A69-9007-16262,323,Spondyliosoma cantharus,20,Cap de Creus,"4,231,891",,,"333,127",Massa d'Or,20210530,,09:30,09:57,"4,231,891","333,127",canya,,,Voluntaris jornada Ass. Pesca responsable,
Si,V9P,1356035,16263,,A69-9007-16263,323,Sphyraena viridensis,60,Medes,"4,204,673",,,"322,045",Embarcador,20200902,,20:29,20:35,"4,204,673","322,045",Canya,Vermell,79,Iscle i Miguel Angel,
Si,V9P,1356036,16264,,A69-9007-16264,323,Sphyraena viridensis,82,Cap de Creus,"4,232,106",,,"332,861",Canal W Massa d'Ors,20201115,,13:10,13:25,"4,232,106","332,861",Canya,Vermell,27,iscle ,
Si,V9P,1356037,16265,,A69-9007-16265,323,Sphyraena viridensis,70,Cap de Creus,"4,232,501",,,"331,972",Encalladora,20201006,,17:50,17:58,"4,232,501","331,972",Canya,vermell,56,Iscle i Miguel Angel,
Si,V9P,1356038,16266,,A69-9007-16266,323,Sphyraena viridensis,100,Medes,"4,204,386",,,"322,334",Cementiri,20200901,,20:10,20:19,"4,204,386","322,334",Canya,Vermell,86,Iscle i Miguel Angel,
Si,V9P,1356039,16267,,A69-9007-16267,323,Spondyliosoma cantharus,30,Medes,"4,204,158",,,"322,604",Carall,20200901,,18:25,18:45,"4,204,158","322,604",Canya,Vermell,90,Iscle i Miguel Angel,
Si,V9P,1356040,16268,,A69-9007-16268,323,Sphyraena viridensis,110,Medes,"4,204,386",,,"322,334",Cementiri,20200901,20201112,20:15,20:19,"4,204,386","322,334",Canya,Vermell,85,"Iscle i Miguel Angel. Recapturat per Joan Massagué el dia 12/11/2020 amb tresmall, a 100 m davant la bocana del port",
Si,V9P,1356040,16268,,A69-9007-16268,323,Sphyraena viridensis,75,Cap de Creus,"4,232,058",,,"333,211",N Massa d'Ors,20201114,,11:11,11:30,"4,232,058","333,211",Canya,vermell,28,Iscle. Tornat a marcar amb la mateixa  marca,
Si,V9P,1356041,16269,,A69-9007-16269,323,Sphyraena viridensis,77,Medes,"4,204,128",,,"322,646",Tascó,20200901,,08:35,08:45,"4,204,128","322,646",Canya,Vermell,97,Iscle i Miguel Angel,
Si,V9P,1356042,16270,,A69-9007-16270,323,Sphyraena viridensis,60,Medes,"4,204,158",,,"322,604",Carall,20200901,,08:35,08:45,"4,204,158","322,604",Canya,Vermell,84,Iscle i Miguel Angel,
Si,V9,1355971,40690,19000,A69-1602-40690,503,Dicentrarchus labrax,37,Badia de roses,4219956,42.19956,3.11529,311529,Desenbocadura Fluvià,20201103,,10:50,12:10,"4,219,956","311,529",Palangre,vermell,24,Marc Castells,
,V9P,1356044,16272,,A69-9007-16272,323,Spondyliosoma cantharus,25,Cap de Creus,"4,231,891",,,"333,127",Massa d'Or,20210530,,09:00,09:30,"4,231,891","333,127",canya,Vermell,149,Voluntaris jornada Ass. Pesca responsable,
Si,V9P,1356045,16273,,A69-9007-16273,323,Spondyliosoma cantharus,33,Medes,"4,204,510",,,"322,210",Cementiri,20200901,,12:25,12:42,"4,204,510","322,210",Canya,Vermell,92,Iscle i Miguel Angel,
Si,V9P,1356046,16274,,A69-9007-16274,323,Sphyraena viridensis,70,Medes,"4,204,128",,,"322,646",Tascó,20200901,,08:20,08:30,"4,204,128","322,646",Canya,Vermell,98,Iscle i Miguel Angel,
Si,V13AP,1356047,16239,,A69-9007-16239,451,Dentex dentex,,Medes,"4,204,128",,,"322,646",Tascó,20200901,,07:30,08:17,"4,204,128","322,646",Canya,Vermell,100,Iscle i Miguel Angel,
Si,V13AP,1356047,16240,,A69-9007-16240,451,Dentex dentex,,Medes,"4,204,128",,,"322,646",Tascó,20200901,,07:30,08:17,"4,204,128","322,646",Canya,Vermell,100,Iscle i Miguel Angel,
Si,V13AP,1356048,16241,,A69-9007-16241,451,Dentex dentex,63,Medes,"4,204,510",,,"322,210",Cementiri,20200901,,11:30,12:15,"4,204,510","322,210",Canya,Vermell,93,Iscle i Miguel Angel,
Si,V13AP,1356048,16242,,A69-9007-16242,451,Dentex dentex,63,Medes,"4,204,510",,,"322,210",Cementiri,20200901,,11:30,12:15,"4,204,510","322,210",Canya,Vermell,93,Iscle i Miguel Angel,
Si,V13AP,1356049,16243,,A69-9007-16243,451,Dentex dentex,64,Medes,"4,204,510",,,"322,210",Cementiri,20200902,,20:45,20:55,"4,204,510","322,210",Canya,Vermell,78,Iscle i Miguel Angel,
Si,V13AP,1356049,16244,,A69-9007-16244,451,Dentex dentex,64,Medes,"4,204,510",,,"322,210",Cementiri,20200902,,20:45,20:55,"4,204,510","322,210",Canya,Vermell,78,Iscle i Miguel Angel,
Si,V13AP,1356050,16245,,A69-9007-16245,451,Dentex dentex,55,Medes,"4,204,524",,,"321,897",Embarcador,20200916,,21:00,21:54,"4,204,524","321,897",palangre amb mascarat,Vermell,63,Palangre Miquel,
Si,V13AP,1356050,16246,,A69-9007-16246,451,Dentex dentex,55,Medes,"4,204,524",,,"321,897",Embarcador,20200916,,21:00,21:54,"4,204,524","321,897",palangre amb mascarat,Vermell,63,Palangre Miquel,
Si,V13AP,1356051,16247,,A69-9007-16247,451,Dentex dentex,39,Medes,"4,204,510",,,"322,210",Cementiri,20200901,,10:24,10:45,"4,204,510","322,210",Canya,Vermell,99,Iscle i Miguel Angel,
Si,V13AP,1356051,16248,,A69-9007-16248,451,Dentex dentex,39,Medes,"4,204,510",,,"322,210",Cementiri,20200901,,10:24,10:45,"4,204,510","322,210",Canya,Vermell,99,Iscle i Miguel Angel,
,V13P,1356052,16169,,A69-9007-16169,446,,,,,,,,,,,,,,,,,,,
,V13P,1356053,16170,,A69-9007-16170,446,,,,,,,,,,,,,,,,,,,
,V13P,1356054,16171,,A69-9007-16171,446,,,,,,,,,,,,,,,,,,,
,V13P,1356055,16172,,A69-9007-16172,446,,,,,,,,,,,,,,,,,,,
,V13P,1356056,16173,,A69-9007-16173,446,,,,,,,,,,,,,,,,,,,
,V13P,1356057,16174,,A69-9007-16174,446,,,,,,,,,,,,,,,,,,,
,V13P,1356058,16175,,A69-9007-16175,446,,,,,,,,,,,,,,,,,,,
,V13P,1356059,16176,,A69-9007-16176,446,,,,,,,,,,,,,,,,,,,
,V13P,1356060,16177,,A69-9007-16177,446,,,,,,,,,,,,,,,,,,,
,V13P,1356061,16178,,A69-9007-16178,446,,,,,,,,,,,,,,,,,,,
,V13P,1356062,16179,,A69-9007-16179,446,,,,,,,,,,,,,,,,,,,
,V13P,1356063,16180,,A69-9007-16180,446,,,,,,,,,,,,,,,,,,,
,V13P,1356064,16181,,A69-9007-16181,446,,,,,,,,,,,,,,,,,,,
,V13P,1356065,16182,,A69-9007-16182,446,,,,,,,,,,,,,,,,,,,
,V13P,1356066,16183,,A69-9007-16183,446,,,,,,,,,,,,,,,,,,,
Si,V13P,1356067,16184,,A69-9007-16184,446,Sparus aurata,42,Medes,"4,204,524",,,"321,897",Embarcador,20200917,,22:06,22:10,"4,204,524","321,897",Palangre Miquel,Vermell,59,,
Si,V13P,1356068,16185,,A69-9007-16185,446,Seriola dumerili ,65,Medes,"4,205,108",,,"322,061",Guix-Medallot,20201118,,12:30,12:50,"4,205,108","322,061",Calamar viu,Vermell,29,Pescat per Miquel amb calamar viu,
,V13P,1356069,16186,,A69-9007-16186,446,,,,,,,,,,,,,,,,,,,
,V13P,1356070,16187,,A69-9007-16187,446,,,,,,,,,,,,,,,,,,,
,V13P,1356071,16188,,A69-9007-16188,446,,,,,,,,,,,,,,,,,,,
,V13P,1356072,16189,,A69-9007-16189,446,,,,,,,,,,,,,,,,,,,
,V13P,1356073,16190,,A69-9007-16190,446,,,,,,,,,,,,,,,,,,,
,V13P,1356074,16191,,A69-9007-16191,446,,,,,,,,,,,,,,,,,,,
,V13P,1356075,16192,,A69-9007-16192,446,,,,,,,,,,,,,,,,,,,
,V13P,1356076,16193,,A69-9007-16193,446,,,,,,,,,,,,,,,,,,,
,V13P,1356077,16194,,A69-9007-16194,446,,,,,,,,,,,,,,,,,,,
,V13P,1356078,16195,,A69-9007-16195,446,,,,,,,,,,,,,,,,,,,
,V13P,1356079,16196,,A69-9007-16196,446,,,,,,,,,,,,,,,,,,,
,V13P,1356080,16197,,A69-9007-16197,446,,,,,,,,,,,,,,,,,,,
,V13P,1356081,16198,,A69-9007-16198,446,,,,,,,,,,,,,,,,,,,
,V13P,1356082,16199,,A69-9007-16199,446,Sparus aurata,47,Medes,"4,205,085",,,"322,300",Medallot-P Deu,20210329,,19:15,19:35,"4,205,085","322,300",,,117,,
,V13P,1356083,16200,,A69-9007-16200,446,Dentex dentex,58,Cap de Creus,"4,223,963",,,"324,614",Norfeu,20210810,,13:30,13:50,"4,223,963","324,614",,Vermell,198,Pescadors voluntaris contacte Miquel,
,V13P,1356084,16201,,A69-9007-16201,446,,,,,,,,,,,,,,,,,,,
,V13P,1356085,16202,,A69-9007-16202,446,Diplodus cervinus,52,Banyuls,"4,247,860",,,"315,207",Abeille sud,20210531,,23:50,00:00,"4,247,860","315,207",diving,nada,,,
,V13P,1356086,16203,,A69-9007-16203,446,,,,,,,,,,,,,,,,,,,
Si,V13,1352731,40162,19000,A69-1602-40162,585,Dicentrarchus labrax,49,Badia de roses,4220000,42.20000,3.11698,311698,Desenbocadura Fluvià,20201103,,10:45,12:10,"4,220,000","311,698",Palangre,vermell,25,Marc Castells,
Si,V13P,1356088,16205,,A69-9007-16205,446,Seriola dumerili ,85,Medes,"4,205,059",,,"322,001",GPS 19 - Entre Medallot i Salpatxot,20201222,,10:00,10:30,"4,205,059","322,001",Canya,Vermell,32,Iscle,
si,V13P,1356089,16206,,A69-9007-16206,446,Sphyraena viridensis,79,Medes,"4,205,220",,,"320,637",port,20203012,,08:00,09:00,"4,205,220","320,637",Canya,Vermell,49,Iscle,
,V13P,1356090,16207,,A69-9007-16207,446,Dentex dentex,71,Cap de Creus,"4,223,963",,,"324,614",Norfeu,20210810,,14:20,14:45,"4,223,963","324,614",,Vermell,199,Pescadors voluntaris contacte Miquel,
,V13P,1356091,16208,,A69-9007-16208,446,,,,,,,,,,,,,,,,,,,
Si,V13P,1356092,16209,,A69-9007-16209,446,Spondyliosoma cantharus,35,Cap de Creus,"4,232,472",,,"332,066",Encalladora,20201006,,18:40,18:45,"4,232,472","332,066",Canya,Vermell,55,Pescada per Bernat Molina,
Si,V13P,1356093,16210,,A69-9007-16210,446,Seriola dumerili ,67,Cap de Creus,"4,232,094",,,"333,111",Massa d'Or,20201223,,11:40,11:50,"4,232,094","333,111",Canya,Vermell,40,Colega Iscle,
,V13P,1356094,16211,,A69-9007-16211,446,,,,,,,,,,,,,,,,,,,
,V13P,1356095,16212,,A69-9007-16212,446,,,,,,,,,,,,,,,,,,,
Si,V13P,1356096,16213,,A69-9007-16213,446,Sphyraena viridensis,74,Medes,"4,205,220",,,"320,637",port,20203112,,07:30,07:55,"4,205,220","320,637",Canya,Vermell,48,Iscle,
Si,V9,1355980,40699,,A69-1602-40699,503,Dicentrarchus labrax,40,Riu Muga,4224392,42.24392,3.10642,310642,,20201126,,20:21,,"4,286,833","348,500",Canya,Verd,213,Pescat per Iscle,
Si,V9,1355973,40692,,A69-1602-40692,503,Dicentrarchus labrax,38,Riu Muga,4225442,42.25442,3.08817,308817,,20201212,,11:30,11:35,"4,251,500","337,333",Canya,verd,275,Pescast per Iscle,
,V13P,1356099,16216,,A69-9007-16216,446,,,,,,,,,,,,,,,,,,,
Si,V13P,1356100,16217,,A69-9007-16217,446,Sparus aurata,38,Medes,"4,204,524",,,"321,897",Embarcador,20200917,,22:06,22:10,"4,204,524","321,897",Palangre,Vermell,59,,
Si,V13P,1356101,16218,,A69-9007-16218,446,Sparus aurata,41,Medes,"4,205,016",,,"322,112",Salpatxot,20201014,,13:20,14:06,"4,205,016","322,112",Canya,vermell,16,Pesca amb canya i musclo,
Si,V13P,1356102,16219,,A69-9007-16219,446,Spondyliosoma cantharus,39,Medes,"4,204,510",,,"322,210",Cementiri,20200901,,10:24,10:45,"4,204,510","322,210",Canya,Vermell,96,Iscle i Miguel Angel,
Si,V13P,1356103,16220,,A69-9007-16220,446,Sparus aurata,40,Medes,"4,204,510",,,"322,210",Cementiri,20200901,,11:42,11:50,"4,204,510","322,210",Canya,Vermell,95,Iscle i Miguel Angel,
Si,V13P,1356104,16221,,A69-9007-16221,446,Sparus aurata,55,Medes,"4,205,016",,,"322,112",Salpatxot,20201014,,13:00,14:06,"4,205,016","322,112",Canya,vermell,15,Pesca amb canya i musclo,
Si,V13P,1356105,16222,,A69-9007-16222,446,Sparus aurata,53,Medes,"4,205,016",,,"322,112",Salpatxot,20201014,,12:30,14:06,"4,205,016","322,112",Canya,vermell,14,Pesca amb canya i musclo,
Si,V13P,1356106,16223,,A69-9007-16223,446,Spondyliosoma cantharus,37,Medes,"4,204,510",,,"322,210",Cementiri,20200901,,11:45,11:59,"4,204,510","322,210",Canya,Vermell,94,Iscle i Miguel Angel,
Si,V13P,1356107,16224,,A69-9007-16224,446,Spondyliosoma cantharus,39,Medes,"4,204,510",,,"322,210",Cementiri,20200903,,19:45,19:58,"4,204,510","322,210",,Vermell,76,Iscle i Miguel Angel,
Si,V9,1355982,40701,,A69-1602-40701,503,Dicentrarchus labrax,40,Fluvià,4217928,42.17928,3.06428,306428,,20201216,,19:45,,"4,292,333","390,667",Canya,Verd,277,Pescat per Iscle,
Si,V13P,1356109,16226,,A69-9007-16226,446,Spondyliosoma cantharus,35,Medes,"4,204,158",,,"322,604",Carall,20200901,,18:10,18:25,"4,204,158","322,604",Canya,Vermell,90,Iscle i Miguel Angel,
Si,V13P,1356110,16227,,A69-9007-16227,446,Spondyliosoma cantharus,34,Medes,"4,204,158",,,"322,604",Carall,20200901,,18:05,18:14,"4,204,158","322,604",Canya,Vermell,91,Iscle i Miguel Angel,
Si,V13P,1356111,16228,,A69-9007-16228,446,Spondyliosoma cantharus,35,Medes,"4,204,158",,,"322,604",Carall,20200901,,18:55,18:14,"4,204,158","322,604",Canya,Vermell,88,Iscle i Miguel Angel. Talla aprox.,
,V13P,1356112,16229,,A69-9007-16229,446,Spondyliosoma cantharus,33,Cap de Creus,"4,231,891",,,"333,127",Massa d'Or,20210530,,09:30,09:57,"4,231,891","333,127",canya,Vermell,148,Voluntaris jornada Ass. Pesca responsable,
,V13P,1356113,16230,,A69-9007-16230,446,,,,,,,,,,,,,,,,,,,
Si,V13P,1356114,16231,,A69-9007-16231,446,Spondyliosoma cantharus,38,Medes,"4,204,510",,,"322,210",Cementiri,20200903,,19:30,19:45,"4,204,510","322,210",Canya,Vermell,77,Iscle i Miguel Angel,
,V13P,1356115,16232,,A69-9007-16232,446,,,,,,,,,,,,,,,,,,,
Si,V13P,1356116,16233,,A69-9007-16233,446,Lichia amia,89,Medes,"4,204,342",,,"322,311",Portitxol,20200902,,19:00,19:20,"4,204,342","322,311",Canya,Vermell,81,Iscle i Miguel Angel,
,V13P,1356117,16234,,A69-9007-16234,446,,,,,,,,,,,,,,,,,,,
,V13P,1356118,16235,,A69-9007-16235,446,,,,,,,,,,,,,,,,,,,
,V13P,1356119,16236,,A69-9007-16236,446,,,,,,,,,,,,,,,,,,,
,V13P,1356120,16237,,A69-9007-16237,446,,,,,,,,,,,,,,,,,,,
,V13P,1356121,16238,,A69-9007-16238,446,,,,,,,,,,,,,,,,,,,
Si,V13,1352752,40183,,A69-1602-40183,585,Sparus aurata,36,Badia de roses,"4,215,520",,,"311,839",,20200826,,10:05,10:14,"4,215,520","311,839",Palangre,,,Bon estat,
Si,V13,1352756,40187,,A69-1602-40187,585,Sparus aurata,38,Badia de roses,"4,213,428",,,"312,749",,20200826,,10:30,17:15,"4,213,428","312,749",Palangre,,,Bon estat,
Si,V13,1352753,40184,,A69-1602-40184,585,Sparus aurata,30,Badia de roses,"4,213,907",,,"312,798",,20200826,,11:25,11:57,"4,213,907","312,798",Palangre,Vermell,6,Bon estat,
Si,V13-1H,4880H,534,,A69-1303-534,,Sciaena umbra,50,Medes,"4,204,337",,,"322,311",Portitxol,20200825,,,,"4,204,337","322,311",Palangre amb Mascarat,Vermell,1,,
Si,V13P,1194154,415,,A69-9004-415,500,Diplodus cervinus,50,Medes,"4,204,337",,,"322,311",Portitxol,20200904,,19:36,20:00,"4,204,337","322,311",Canya,Vermell,71,Iscle i Miguel Angel,
Si,V13-1H,4882H,536,,A69-1303-536,,Pomatomus saltatrix,53,Badia de roses,,,,,El Cranc,20200915,,01:45,02:00,,,Palangre,Vermell,67,miquel,
Si,V13-1H,4879H,533,,A69-1303-533,,Pomatomus saltatrix,47,Badia de roses,,,,,El Cranc,20200915,,05:05,,,,Palangre,Vermell,66,miquel,
,,,,,,,Epinephelus marginatus,62,Medes,"4,204,128",,,"322,646",Tascó,,,,,"4,204,128","322,646",,Vermell,87,No marcat amb tag acustic.,
,,,,,,,Epinephelus marginatus,105,Medes,"4,204,794",,,"322,464",Barda del sastre,20200904,,11:30,11:40,"4,204,794","322,464",Canya,Vermell,73,Iscle i Miguel Angel. No marcat amb tag acustic.,
,,,,,,,Epinephelus marginatus,94,Medes,"4,204,794",,,"322,464",Barda del sastre,20200904,,11:50,11:55,"4,204,794","322,464",Canya,Vermell,72,Iscle i Miguel Angel. No marcat amb tag acustic.,
??,V9P,1352748,40179,,A69-1602-40179,585,Sparus aurata,31,Banyuls,,,,,,,,,,,,,,,possible wrong tag number,"This tag is duplicated. The other tagged individual matches with the detection data, so this might be wrong."
,,,,,,,Epinephelus marginatus,70,Medes,"4,205,016",,,"322,112",Salpatxot,20201017,,13:30,,"4,205,016","322,112",Canya,Vermell,18,Iscle. No marcat amb tag acustic.,
,,,,,,,Epinephelus marginatus,82,Medes,"4,205,016",,,"322,112",Salpatxot,20201017,,14:40,,"4,205,016","322,112",Canya,Vermell,19,Iscle. No marcat amb tag acustic.,
si,V13P,1356087,16204,11000,A69-9007-16204,446,Dicentrarchus labrax,47,Medes,4203735,42.03735,3.20309,320309,Pals: Entre Griells i Pletera,20201231,,07:30,09:05,"4,203,735","320,309",Tresmall,Vermell,33,Pescat Per Joan Massagué. Marcat amb pinguer 81 kHz (serial no. 1174748),
Si,V13,1352755,40186,38500,A69-1602-40186,585,Dicentrarchus labrax,59,Medes,4205220,42.05220,3.20637,320637,Port,20201231,,08:00,08:45,"4,205,220","320,637",canya,vermella,46,,
Si,V13,1352730,40161,,A69-1602-40161,585,Sparus aurata,43,Medes,"4,203,084",,,"319,843",Pals: Entre Pletera i Gola de ter,20201119,,07:30,10:30,"4,203,084","319,843",Tresmall,Vermell,30,Pescat per Climent amb tresmall. Coordenades exactes al grup wassap,
Si,V13,1352727,40158,,A69-1602-40158,585,Sparus aurata,48,Badia de roses,,,,,Sud piscifactoria,20210118,,12:40,16:15,,,palangre,vermella,43,Marc Castells,
Si,V13,1352777,40208,,A69-1602-40208,585,Seriola dumerili ,52,Medes,"4,205,093",,,"322,074",GPS 19 - Entre Medallot i Salpatxot,20201218,,10:00,10:30,"4,205,093","322,074",Palangre calamar viu ,Vermell,31,,
Si,V13,1352728,40159,,A69-1602-40159,585,Sparus aurata,38,Badia de roses,,,,,Sud piscifactoria,20210118,,13:25,17:15,,,palangre,vermella,105,Marc Castells,
Si,V13,1352729,40160,,A69-1602-40160,585,Sparus aurata,50,Badia de roses,,,,,Sud piscifactoria,20210118,,12:30,16:15,,,palangre,vermella,42,Marc Castells. Amb PINGER 84 KH 1174749,
Si,V13,1352751,40182,18000,A69-1602-40182,585,Dicentrarchus labrax,57,Pals ,4200585,42.00585,3.19884,319884,Daró,20210113,,09:00,13:05,"4,200,585","319,884",Tresmall,vermella,36,Pescada joan?,
Si,V13,1352734,40165,,A69-1602-40165,585,Sparus aurata,47,Badia de roses,,,,,Sud piscifactoria,20210118,,13:10,17:00,,,palangre,vermella,103,Marc Castells,
Si,V13,1352735,40166,,A69-1602-40166,585,Sparus aurata,36,Badia de roses,,,,,Sud piscifactoria,20210118,,13:30,17:30,,,palangre,vermella,106,Marc Castells,
Si,V13,1352736,40167,,A69-1602-40167,585,Sparus aurata,46,Badia de roses,,,,,Sud piscifactoria,20210118,,12:50,16:33,,,palangre,vermella,101,Marc Castells,
Si,V13,1355969,54173,30000,A69-1602-54173,631,Dicentrarchus labrax,36,Pals ,4204599,42.04599,3.19682,319682,Ter Vell,20210114,,10:00,11:00,"4,204,599","319,682",Palangre,vermella,45,Pescador estartit,
Si,V13,1352738,40169,,A69-1602-40169,585,Sparus aurata,41,Badia de roses,,,,,Sud piscifactoria,20210118,,13:20,17:05,,,palangre,vermella,104,Marc Castells,
Si,V13,1352733,40164,,A69-1602-40164,585,Dicentrarchus labrax,50,Badia de roses,4214540,42.14540,3.11884,311884,Riuet,20210117,,21:15,23:45,"4,214,540","311,884",Palangre,vermella,39,Marc Castells,
Si,V13,1352740,40171,,A69-1602-40171,585,Sparus aurata,35,Pals ,"4,203,430",,,"319,699",Pletera,20210201,,10:50,14:10,"4,203,430","319,699",palangre,vermella,114,climent,
Si,V13,1352737,40168,,A69-1602-40168,585,Dicentrarchus labrax,50,Badia de roses,4214540,42.14540,3.11884,311884,Riuet,20210117,,21:15,23:45,"4,214,540","311,884",Palangre,vermella,38,"Marc Castells. Amb PÎNGER 78KH 1174746, femella ovada",
Si,V13,1352742,40173,,A69-1602-40173,585,Sparus aurata,40,Pals ,"4,203,430",,,"319,699",Pletera,20210201,,10:30,13:35,"4,203,430","319,699",palangre,vermella,112,climent. PINGER 63KH 1174741,
,V13,1352743,40174,,A69-1602-40174,585,,,,,,,,,,,,,,,,,,,
Si,V13,1352780,40211,,A69-1602-40211,585,Dicentrarchus labrax,60,Pals ,4204629,42.04629,3.19813,319813,Ter Vell,20210125,,09:30,20:30,"4,204,629","319,813",Tresmall,vermella,108,Perscada per climent,
Si,V13,1352745,40176,,A69-1602-40176,585,Sparus aurata,33,Pals ,"4,204,629",,,"319,813",Ter Vell,20210125,,08:00,20:30,"4,204,629","319,813",Tresmall,vermella,107,Pescador estartit,
Si,V13,1352739,40170,,A69-1602-40170,585,Dicentrarchus labrax,52,Pals ,4202390,42.02390,3.19753,319753,Ter,20210201,,10:15,14:45,"4,202,390","319,753",palangre,vermella,115,climent,
Si,V13,1352747,40178,,A69-1602-40178,585,Sparus aurata,35,Pals ,"4,203,430",,,"319,699",Pletera,20210201,,10:40,13:55,"4,203,430","319,699",palangre,vermella,113,climent. PINGER 81KH 1174247,
Si,V13,1352749,40180,,A69-1602-40180,585,Sparus aurata,35,Pals ,"4,200,585",,,"319,884",Daró,20210113,,09:00,12:50,"4,200,585","319,884",Tresmall,vermella,35,Pescada joan?,
Si,V13,1352741,40172,,A69-1602-40172,585,Dicentrarchus labrax,52,Pals ,4201989,42.01989,3.19879,319879,Ter,20210201,,10:00,13:00,"4,201,989","319,879",palangre,vermella,111,Joan. PINGER 78KH 1174745,
Si,V13,1352750,40181,,A69-1602-40181,585,Sparus aurata,44,Badia de roses,,,,,Sud piscifactoria,20210118,,13:00,16:50,,,palangre,vermella,102,Marc Castells,
Si,V13,1352744,40175,,A69-1602-40175,585,Dicentrarchus labrax,52,Pals ,4201989,42.01989,3.19879,319879,Ter,20210201,,09:45,13:00,"4,201,989","319,879",palangre,vermella,110,Joan,
Si,V13,1352754,40185,,A69-1602-40185,585,Sparus aurata,29,Pals ,"4,200,585",,,"319,884",Daró,20210113,,09:00,12:40,"4,200,585","319,884",Tresmall,vermella,34,Pescada joan?,
Si,V13,1352746,40177,,A69-1602-40177,585,Dicentrarchus labrax,53,Pals ,4201989,42.01989,3.19879,319879,Ter,20210201,,09:30,13:00,"4,201,989","319,879",palangre,vermella,109,Joan,
,V13,1352757,40188,,A69-1602-40188,585,Scorpaena scrofa,51,Banyuls,"4,246,630",,,"316,640",Sec Rederis,20210604,,10:20,10:30,"4,246,630","316,640",diving,nada,,,
,V13,1352758,40189,,A69-1602-40189,585,Scorpaena scrofa,49,Banyuls,"4,246,630",,,"316,640",Sec Rederis,20210604,,10:50,11:00,"4,246,630","316,640",diving,nada,,,
,V13,1352759,40190,,A69-1602-40190,585,,,,,,,,,,,,,,,,,,,
,V13,1352760,40191,,A69-1602-40191,585,,,,,,,,,,,,,,,,,,,
,V13,1352761,40192,,A69-1602-40192,585,,,,,,,,,,,,,,,,,,,
,V13,1352762,40193,,A69-1602-40193,585,Palinurus elephas,92,Banyuls,"4,246,830",,,"316,053",Caball Bornat,20210401,,12:20,14:00,"4,246,830","316,053",diving,nada,,,
,V13,1352763,40194,,A69-1602-40194,585,,,,,,,,,,,,,,,,,,,
,V13,1352764,40195,,A69-1602-40195,585,Pagrus pagrus,31,Banyuls,"4,250,319",,,"312,620",Paulille,20210506,,23:15,23:30,"4,250,319","312,620",palangre ,blue tattoo,,,
,V13,1352765,40196,,A69-1602-40196,585,,,,,,,,,,,,,,,,,,,
,V13,1352766,40197,,A69-1602-40197,585,,,,,,,,,,,,,,,,,,,
,V13,1352767,40198,,A69-1602-40198,585,,,,,,,,,,,,,,,,,,,
,V13,1352768,40199,,A69-1602-40199,585,,,,,,,,,,,,,,,,,,,
,V13,1352769,40200,,A69-1602-40200,585,,,,,,,,,,,,,,,,,,,
,V13,1352770,40201,,A69-1602-40201,585,,,,,,,,,,,,,,,,,,,"This tag seems to be used (8 detections in the database, station B24)"
,V13,1352771,40202,,A69-1602-40202,585,,,,,,,,,,,,,,,,,,,
,V13,1352772,40203,,A69-1602-40203,585,,,,,,,,,,,,,,,,,,,
,V13,1352773,40204,,A69-1602-40204,585,,,,,,,,,,,,,,,,,,,
,V13,1352774,40205,,A69-1602-40205,585,,,,,,,,,,,,,,,,,,,
,V13,1352775,40206,,A69-1602-40206,585,,,,,,,,,,,,,,,,,,,
,V13,1352776,40207,,A69-1602-40207,585,,,,,,,,,,,,,,,,,,,
,V13,1352778,40209,,A69-1602-40209,585,,,,,,,,,,,,,,,,,,,
,V13,1352779,40210,,A69-1602-40210,585,,,,,,,,,,,,,,,,,,,
,V13,1352748,40179,,A69-1602-40179,585,Dicentrarchus labrax,53,Badia de roses,4214542,42.14542,3.12039,312039,Riuet,20210202,,21:30,13:49,"4,214,542","312,039",palangre,vermella,116,Marc Castells,"This tag is duplicated. Detections occur in Badia de Roses, it seems to be correct."
,V13,1352781,40212,,A69-1602-40212,585,,,,,,,,,,,,,,,,,,,
,V9P,1352782,11572,,A69-9006-11572,311,Pagrus pagrus,30,Banyuls,"4,245,334",,,"316,463",canadells,20210527,,00:10,00:20,"4,245,334","316,463",palangre,blue tattoo,,,
,V9P,1352783,11573,,A69-9006-11573,311,Dentex dentex,31,Banyuls,"4,247,372",,,"315,749",Les tinyes,20210614,,00:40,00:50,"4,247,372","315,749",diving,nada,,,
,V9P,1352784,11574,,A69-9006-11574,311,Sparus aurata,31,Banyuls,"4,247,577",,,"315,608",Abeille sud,20201013,,21:55,22:45,"4,247,577","315,608",diving,nada,,,
,V9P,1352785,11575,,A69-9006-11575,311,Pagrus pagrus,29,Banyuls,"4,250,319",,,"312,620",Paulille,20210506,,23:30,23:45,"4,250,319","312,620",palangre,blue tattoo,,,
,V9P,1352786,11576,,A69-9006-11576,311,,,,,,,,,,,,,,,,,,,
,V9P,1352787,11577,,A69-9006-11577,311,Spondyliosoma cantharus,24,Banyuls,"4,245,669",,,"316,729",Cap Peyrefite,20210424,,14:30,15:00,"4,245,669","316,729",canya,tattoo blue,,,
,V9P,1352788,11578,,A69-9006-11578,311,Scorpaena scrofa,26,Banyuls,"42,453,338",,,"316,463",Canadells,20210527,,23:40,23:50,"42,453,338","316,463",palangre,tattoo blue,,,
,V9P,1352789,11579,,A69-9006-11579,311,Pagrus pagrus,34,Banyuls,"4,246,079",,,"316,019",Anse Peyrefite,20210611,,00:50,01:00,"4,246,079","316,019",diving,nada,,,
,V9P,1352790,11580,,A69-9006-11580,311,,,,,,,,,,,,,,,,,,,"This tag was used (1450 detections in the databse, several stations in Banyuls)"
,V9P,1352791,11581,,A69-9006-11581,311,,,,,,,,,,,,,,,,,,,
,V9P,1352792,11582,,A69-9006-11582,311,,,,,,,,,,,,,,,,,,,
,V9P,1352793,11583,,A69-9006-11583,311,,,,,,,,,,,,,,,,,,,
,V9P,1352794,11584,,A69-9006-11584,311,,,,,,,,,,,,,,,,,,,
,V9P,1352795,11585,,A69-9006-11585,311,,,,,,,,,,,,,,,,,,,
,V9P,1352796,11586,,A69-9006-11586,311,,,,,,,,,,,,,,,,,,,
,V9P,1352797,11587,,A69-9006-11587,311,,,,,,,,,,,,,,,,,,,
,V9P,1352798,11588,,A69-9006-11588,311,,,,,,,,,,,,,,,,,,,
,V9P,1352799,11589,,A69-9006-11589,311,,,,,,,,,,,,,,,,,,,
,V9P,1352800,11590,,A69-9006-11590,311,,,,,,,,,,,,,,,,,,,
,V9P,1352801,11591,,A69-9006-11591,311,Dentex dentex,29,Banyuls,"4,247,372",,,"315,749",Les tinyes,20210614,,01:20,01:30,"4,247,372","315,749",diving,nada,,,
,V13AP,1352832,11472,,A69-9006-11472,185,,,,,,,,,,,,,,,,,,,
,V13AP,1352832,11473,,A69-9006-11473,185,,,,,,,,,,,,,,,,,,,
,V13AP,1352833,11474,,A69-9006-11474,185,,,,,,,,,,,,,,,,,,,
,V13AP,1352833,11475,,A69-9006-11475,185,,,,,,,,,,,,,,,,,,,
,V13AP,1352834,11476,,A69-9006-11476,185,,,,,,,,,,,,,,,,,,,
,V13AP,1352834,11477,,A69-9006-11477,185,,,,,,,,,,,,,,,,,,,
,V13AP,1352835,11478,,A69-9006-11478,185,,,,,,,,,,,,,,,,,,,
,V13AP,1352835,11479,,A69-9006-11479,185,,,,,,,,,,,,,,,,,,,
,V13AP,1352836,11480,,A69-9006-11480,185,,,,,,,,,,,,,,,,,,,
,V13AP,1352836,11481,,A69-9006-11481,185,,,,,,,,,,,,,,,,,,,
,V13AP,1352837,11482,,A69-9006-11482,185,,,,,,,,,,,,,,,,,,,
,V13AP,1352837,11483,,A69-9006-11483,185,,,,,,,,,,,,,,,,,,,
,V13AP,1352838,11484,,A69-9006-11484,185,Dentex dentex,52,Banyuls,"4,247,372",,,"315,749",Les tinyes,20210614,,00:10,00:20,"4,247,372","315,749",diving,nada,,,
,V13AP,1352838,11485,,A69-9006-11485,185,Dentex dentex,52,Banyuls,"4,247,372",,,"315,749",Les tinyes,20210614,,00:10,00:20,"4,247,372","315,749",diving,nada,,,
,V13AP,1352839,11486,,A69-9006-11486,185,,,,,,,,,,,,,,,,,,,
,V13AP,1352839,11487,,A69-9006-11487,185,,,,,,,,,,,,,,,,,,,
,V13AP,1352840,11488,,A69-9006-11488,185,,,,,,,,,,,,,,,,,,,
,V13AP,1352840,11489,,A69-9006-11489,185,,,,,,,,,,,,,,,,,,,
,V13AP,1352841,11490,,A69-9006-11490,185,,,,,,,,,,,,,,,,,,,
,V13AP,1352841,11491,,A69-9006-11491,185,,,,,,,,,,,,,,,,,,,
,V13AP,1352842,11492,,A69-9006-11492,185,,,,,,,,,,,,,,,,,,,
,V13AP,1352842,11493,,A69-9006-11493,185,,,,,,,,,,,,,,,,,,,
,V13AP,1352843,11494,,A69-9006-11494,185,,,,,,,,,,,,,,,,,,,
,V13AP,1352843,11495,,A69-9006-11495,185,,,,,,,,,,,,,,,,,,,
,V13AP,1352844,11496,,A69-9006-11496,185,,,,,,,,,,,,,,,,,,,
,V13AP,1352844,11497,,A69-9006-11497,185,,,,,,,,,,,,,,,,,,,
,V13AP,1352845,11498,,A69-9006-11498,185,,,,,,,,,,,,,,,,,,,
,V13AP,1352845,11499,,A69-9006-11499,185,,,,,,,,,,,,,,,,,,,
,V13AP,1352846,11500,,A69-9006-11500,185,,,,,,,,,,,,,,,,,,,
,V13AP,1352846,11501,,A69-9006-11501,185,,,,,,,,,,,,,,,,,,,
,V13AP,1352847,11502,,A69-9006-11502,185,,,,,,,,,,,,,,,,,,,
,V13AP,1352847,11503,,A69-9006-11503,185,,,,,,,,,,,,,,,,,,,
,V13AP,1352848,11504,,A69-9006-11504,185,,,,,,,,,,,,,,,,,,,
,V13AP,1352848,11505,,A69-9006-11505,185,,,,,,,,,,,,,,,,,,,
,V13AP,1352849,11506,,A69-9006-11506,185,,,,,,,,,,,,,,,,,,,
,V13AP,1352849,11507,,A69-9006-11507,185,,,,,,,,,,,,,,,,,,,
,V13AP,1352850,11508,,A69-9006-11508,185,,,,,,,,,,,,,,,,,,,
,V13AP,1352850,11509,,A69-9006-11509,185,,,,,,,,,,,,,,,,,,,
,V13AP,1352851,11510,,A69-9006-11510,185,Epinephelus marginatus,93,Banyuls,"4,246,630",,,"316,640",Sec Rederis,20210727,,15:00,15:20,"4,246,630","316,640",diving,nada,,,
,V13AP,1352851,11511,,A69-9006-11511,185,Epinephelus marginatus,93,Banyuls,"4,246,630",,,"316,640",Sec Rederis,20210727,,15:00,15:20,"4,246,630","316,640",diving,nada,,,
,V13AP,1352852,11512,,A69-9006-11512,185,,,,,,,,,,,,,,,,,,,
,V13AP,1352852,11513,,A69-9006-11513,185,,,,,,,,,,,,,,,,,,,
,V13AP,1352853,11514,,A69-9006-11514,185,,,,,,,,,,,,,,,,,,,
,V13AP,1352853,11515,,A69-9006-11515,185,,,,,,,,,,,,,,,,,,,
,V13AP,1352854,11516,,A69-9006-11516,185,,,,,,,,,,,,,,,,,,,
,V13AP,1352854,11517,,A69-9006-11517,185,,,,,,,,,,,,,,,,,,,
,V13AP,1352855,11518,,A69-9006-11518,185,,,,,,,,,,,,,,,,,,,
,V13AP,1352855,11519,,A69-9006-11519,185,,,,,,,,,,,,,,,,,,,
,V13AP,1352856,11520,,A69-9006-11520,185,,,,,,,,,,,,,,,,,,,
,V13AP,1352856,11521,,A69-9006-11521,185,,,,,,,,,,,,,,,,,,,
,V13AP,1352857,11522,,A69-9006-11522,131,Epinephelus marginatus,86,Banyuls,"4,247,825",,,"314,992",Bouée 18 - Rec Milan,20210830,,13:00,13:30,"4,247,825","314,992",diving,tattoo bleu,,,
,V13AP,1352857,11523,,A69-9006-11523,131,Epinephelus marginatus,86,Banyuls,"4,247,825",,,"314,992",Bouée 18 - Rec Milan,20210830,,13:00,13:30,"4,247,825","314,992",diving,tattoo bleu,,,
,V13AP,1352858,11524,,A69-9006-11524,131,Epinephelus marginatus,86,Banyuls,"4,246,630",,,"316,640",Sec Rederis,20210728,,15:00,15:30,"4,246,630","316,640",diving,tattoo bleu,,,
,V13AP,1352858,11525,,A69-9006-11525,131,Epinephelus marginatus,86,Banyuls,"4,246,630",,,"316,640",Sec Rederis,20210728,,15:00,15:30,"4,246,630","316,640",diving,tattoo bleu,,,
,V13AP,1352859,11526,,A69-9006-11526,131,Epinephelus marginatus,104,Banyuls,"4,247,848",,,"315,072",Bouée 2 - Dôme,20210728,,09:00,09:30,"4,247,848","315,072",diving,tattoo bleu,,,
,V13AP,1352859,11527,,A69-9006-11527,131,Epinephelus marginatus,104,Banyuls,"4,247,848",,,"315,072",Bouée 2 - Dôme,20210728,,09:00,09:30,"4,247,848","315,072",diving,tattoo bleu,,,
,V13AP,1352860,11528,,A69-9006-11528,131,Epinephelus marginatus,97,Banyuls,"4,248,542",,,"315,316",Sec Jean Luc,20210803,,11:18,11:45,"4,248,542","315,316",diving,tattoo bleu,,,
,V13AP,1352860,11529,,A69-9006-11529,131,Epinephelus marginatus,97,Banyuls,"4,248,542",,,"315,316",Sec Jean Luc,20210803,,11:18,11:45,"4,248,542","315,316",diving,tattoo bleu,,,
,V13AP,1352861,11530,,A69-9006-11530,131,,,,,,,,,,,,,,,,,,,
,V13AP,1352861,11531,,A69-9006-11531,131,,,,,,,,,,,,,,,,,,,
,V13AP,1352862,11532,,A69-9006-11532,131,Epinephelus marginatus,69,Banyuls,"4,246,630",,,"316,640",Sec Rederis,20210915,,13:00,13:30,"4,246,630","316,640",diving,tattoo bleu,,,
,V13AP,1352862,11533,,A69-9006-11533,131,Epinephelus marginatus,69,Banyuls,"4,246,630",,,"316,640",Sec Rederis,20210915,,13:00,13:30,"4,246,630","316,640",diving,tattoo bleu,,,
,V13AP,1352863,11534,,A69-9006-11534,131,Epinephelus marginatus,88,Banyuls,"4,246,630",,,"316,640",Sec Rederis,20210726,,14:00,14:30,"4,246,630","316,640",diving,tattoo bleu,,,
,V13AP,1352863,11535,,A69-9006-11535,131,Epinephelus marginatus,88,Banyuls,"4,246,630",,,"316,640",Sec Rederis,20210726,,14:00,14:30,"4,246,630","316,640",diving,tattoo bleu,,,
,V13AP,1352864,11536,,A69-9006-11536,131,Epinephelus marginatus,84,Banyuls,"4,246,630",,,"316,640",Sec Rederis,20210726,,11:05,11:30,"4,246,630","316,640",diving,tattoo bleu,,,
,V13AP,1352864,11537,,A69-9006-11537,131,Epinephelus marginatus,84,Banyuls,"4,246,630",,,"316,640",Sec Rederis,20210726,,11:05,11:30,"4,246,630","316,640",diving,tattoo bleu,,,
,V13AP,1352865,11538,,A69-9006-11538,131,Epinephelus marginatus,87,Banyuls,"4,246,630",,,"316,640",Sec Rederis,20210719,,16:30,17:00,"4,246,630","316,640",diving,tattoo bleu,,,
,V13AP,1352865,11539,,A69-9006-11539,131,Epinephelus marginatus,87,Banyuls,"4,246,630",,,"316,640",Sec Rederis,20210719,,16:30,17:00,"4,246,630","316,640",diving,tattoo bleu,,,
,V13AP,1352866,11540,,A69-9006-11540,131,Epinephelus marginatus,82,Banyuls,"4,247,869",,,"315,421",Abeille nord,20210803,,12:50,13:15,"4,247,869","315,421",diving,tattoo bleu,,,
,V13AP,1352866,11541,,A69-9006-11541,131,Epinephelus marginatus,82,Banyuls,"4,247,869",,,"315,421",Abeille nord,20210803,,12:50,13:15,"4,247,869","315,421",diving,tattoo bleu,,,
Si,V13AP,1352867,11542,,A69-9006-11542,131,Epinephelus marginatus,83,Medes,"4,204,121",,,"322,644",tasco Petit,20210730,,,,"4,204,121","322,644",immersió,,,S'observa L6 i cortejant,
Si,V13AP,1352867,11543,,A69-9006-11543,131,Epinephelus marginatus,83,Medes,"4,204,121",,,"322,644",tasco Petit,20210730,,,,"4,204,121","322,644",immersió,,,,
,V13AP,1352868,11544,,A69-9006-11544,131,,,,,,,,,,,,,,,,,,,
,V13AP,1352868,11545,,A69-9006-11545,131,,,,,,,,,,,,,,,,,,,
Si,V13AP,1352869,11546,,A69-9006-11546,131,Epinephelus marginatus,100,Medes,"4,204,113",,,"322,708",tasco Petit,20210730,,,,"4,204,113","322,708",immersió,,,S'observa L6 i cortejant,
Si,V13AP,1352869,11547,,A69-9006-11547,131,Epinephelus marginatus,100,Medes,"4,204,113",,,"322,708",tasco Petit,20210730,,,,"4,204,113","322,708",immersió,,,,
Si,V13AP,1352870,11548,,A69-9006-11548,131,Epinephelus marginatus,92,Medes,"4,204,928",,,"322,317",Salpatxot,20210730,,,,"4,204,928","322,317",immersió,,,No s'observa coloració L6,
Si,V13AP,1352870,11549,,A69-9006-11549,131,Epinephelus marginatus,92,Medes,"4,204,928",,,"322,317",Salpatxot,20210730,,,,"4,204,928","322,317",immersió,,,,
Si,V13AP,1352871,11550,,A69-9006-11550,131,Epinephelus marginatus,96,Medes,"4,205,190",,,"322,206",Medallot,20213007,,,,"4,205,190","322,206",immersió,,,S'observa L6,
Si,V13AP,1352871,11551,,A69-9006-11551,131,Epinephelus marginatus,96,Medes,"4,205,190",,,"322,206",Medallot,20213007,,,,"4,205,190","322,206",immersió,,,,
Si,V13AP,1352872,11552,,A69-9006-11552,131,Epinephelus marginatus,104,Medes,"4,204,110",,,"322,686",tasco Petit,20210726,,13:51,14:05,"4,204,110","322,686",immersió,,,S'observa L6 i cortejant,
Si,V13AP,1352872,11553,,A69-9006-11553,131,Epinephelus marginatus,104,Medes,"4,204,110",,,"322,686",tasco Petit,20210726,,13:51,14:05,"4,204,110","322,686",immersió,,,,
Si,V13AP,1352873,11554,,A69-9006-11554,131,Epinephelus marginatus,101,Medes,"4,204,982",,,"322,400",Salpatxot,20210728,,12:50,13:06,"4,204,982","322,400",immersió,,,No s'observa coloració L6,
Si,V13AP,1352873,11555,,A69-9006-11555,131,Epinephelus marginatus,101,Medes,"4,204,982",,,"322,400",Salpatxot,20210728,,12:50,13:06,"4,204,982","322,400",immersió,,,,
Si,V13AP,1352874,11556,,A69-9006-11556,131,Epinephelus marginatus,98,Medes,"4,204,110",,,"322,686",tasco Petit,20210726,,18:16,18:29,"4,204,110","322,686",immersió,,,S'observa L6 i cortejant,
Si,V13AP,1352874,11557,,A69-9006-11557,131,Epinephelus marginatus,98,Medes,"4,204,110",,,"322,686",tasco Petit,20210726,,18:16,18:29,"4,204,110","322,686",immersió,,,,
Si,V13AP,1352875,11558,,A69-9006-11558,131,Epinephelus marginatus,81,Medes,"4,204,220",,,"322,541",Ferranelles,20210726,,14:25,14:38,"4,204,220","322,541",Immersió,,,No s'observa coloració L6,
Si,V13AP,1352875,11559,,A69-9006-11559,131,Epinephelus marginatus,81,Medes,"4,204,220",,,"322,541",Ferranelles,20210726,,14:25,14:38,"4,204,220","322,541",Immersió,,,,
Si,V13AP,1352876,11560,,A69-9006-11560,131,Epinephelus marginatus,94,Medes,"4,204,220",,,"322,541",Ferranelles,20210726,,13:45,13:58,"4,204,220","322,541",Immersió,,,No s'observa coloració L6,
Si,V13AP,1352876,11561,,A69-9006-11561,131,Epinephelus marginatus,94,Medes,"4,204,220",,,"322,541",Ferranelles,20210726,,13:45,13:58,"4,204,220","322,541",Immersió,,,,
,V13P,1353429,11422,,A69-9006-11422,439,,,,,,,,,,,,,,,,,,,
,V13P,1353430,11423,,A69-9006-11423,439,Sparus aurata,38,Banyuls,"4,247,391",,,"315,652",Les tinyes,20201206,20210523,12:20,12:35,"4,247,391","315,652",canya,tattoo bleu,,recaptured 20210523,
,V13P,1353431,11424,,A69-9006-11424,439,,,,,,,,,,,,,,,,,,,
,V13P,1353432,11425,,A69-9006-11425,439,,,,,,,,,,,,,,,,,,,
,V13P,1353433,11426,,A69-9006-11426,439,Sparus aurata,32,Banyuls,"4,254,583",,,"316,666",Elmes,20210623,,01:25,01:30,"4,254,583","316,666",palangre,tattoo bleu,,,
,V13P,1353434,11427,,A69-9006-11427,439,Spondyliosoma cantharus ,35,Banyuls,"4,247,391",,,"315,653",Les tinyes,20201206,,12:36,12:50,"4,247,391","315,653",canya,tattoo bleu,,,
,V13P,1353435,11428,,A69-9006-11428,439,Sparus aurata,47,Banyuls,"4,248,050",,,"314,266",Le troc,20201115,,09:40,10:00,"4,248,050","314,266",canya,nada,,,
,V13P,1353436,11429,,A69-9006-11429,439,Sparus aurata,,Banyuls,"4,247,391",,,"315,652",Les tinyes,20200930,,15:00,15:20,"4,247,391","315,652",canya,nada,,,
,V13P,1353441,11434,,A69-9006-11434,439,Dicentrarchus labrax,71,Banyuls,4229160,42.29160,3.07440,307440,Paulille,20210507,,00:22,00:30,"4,229,160","307,440",Palangre,tattoo bleu,,,
,V13P,1353438,11431,,A69-9006-11431,439,,,,,,,,,,,,,,,,,,,
,V13P,1353442,11435,,A69-9006-11435,439,Dicentrarchus labrax,74,Banyuls,4229100,42.29100,3.07590,307590,Paulille,20210507,,00:30,00:40,"4,229,100","307,590",Palangre ,tattoo bleu,,Recaptured. Tag reused,Add recapture date.
,V13P,1353440,11433,,A69-9006-11433,439,,,,,,,,,,,,,,,,,,,"This tag seems to be used (61 detections in the database, in station B9 (old B12)"
,V13P,1353437,11430,,A69-9006-11430,439,Dicentrarchus labrax,63,Banyuls,4254611,42.54611,3.13639,313639,Elmes,20210623,,01:32,01:40,"4,254,611","313,639",palangre ,tattoo bleu,,,
,V13P,1353439,11432,,A69-9006-11432,439,Dicentrarchus labrax,67,Banyuls,4254583,42.54583,3.16666,316666,Elmes,20210623,,00:55,00:08,"4,254,583","316,666",palangre,tattoo bleu,,,
,V13P,1353442,11435,,A69-9006-11435,439,Sparus aurata,40,Banyuls,"4,248,540",,,"313,331",Plage Banyuls,20210701,,06:20,06:40,"4,248,923","313,212",palangre,tattoo bleu,,Reused tag,
,V13P,1353443,11436,,A69-9006-11436,439,,,,,,,,,,,,,,,,,,,
,V13P,1353444,11437,,A69-9006-11437,439,,,,,,,,,,,,,,,,,,,
,V13P,1353445,11438,,A69-9006-11438,439,,,,,,,,,,,,,,,,,,,
,V13P,1353446,11439,,A69-9006-11439,439,,,,,,,,,,,,,,,,,,,
,V13P,1353447,11440,,A69-9006-11440,439,,,,,,,,,,,,,,,,,,,
,V13P,1353448,11441,,A69-9006-11441,439,,,,,,,,,,,,,,,,,,,
,V13P,1353449,11442,,A69-9006-11442,439,,,,,,,,,,,,,,,,,,,
,V13P,1353450,11443,,A69-9006-11443,439,,,,,,,,,,,,,,,,,,,
,V13P,1353451,11444,,A69-9006-11444,439,,,,,,,,,,,,,,,,,,,
,V13P,1353452,11445,,A69-9006-11445,439,,,,,,,,,,,,,,,,,,,"This tag seems to be used (53 detections in the database, station B10(old B21)"
,V13P,1353453,11446,,A69-9006-11446,439,Sparus aurata,40,Banyuls,"4,248,378",,,"313,279",Plage Banyuls,20210701,,05:30,05:50,"4,248,465","313,299",palangre,tatto bleu,,,
,V13P,1353454,11447,,A69-9006-11447,439,,,,,,,,,,,,,,,,,,,
,V13P,1353455,11448,,A69-9006-11448,439,,,,,,,,,,,,,,,,,,,
,V13P,1353456,11449,,A69-9006-11449,439,Seriola dumerili,60,Banyuls,"4,248,707",,,"313,140",Plage Banyuls,20210806,,07:30,08:35,"4,248,707","313,140",palangre,tattoo bleu,,,
,V13P,1353457,11450,,A69-9006-11450,439,Sparus aurata,34,Banyuls,"4,248,540",,,"313,331",Plage Banyuls,20210701,,06:20,06:40,"4,248,709","313,016",palangre,tattoo bleu,,,
,V13P,1353458,11451,,A69-9006-11451,439,Sparus aurata,34,Banyuls,"4,248,521",,,"313,560",Plage Banyuls,20210701,,05:40,05:50,"4,248,465","313,299",palangre,tattoo bleu,,,